model,accuracy_test,precision_test,recall_test,auc_test
baseline,0.8423728813559322,0.7209302325581395,0.4732824427480916,0.8523008864275141
