model,accuracy_train_mean,accuracy_train_std,accuracy_val_mean,accuracy_val_std,precision_train_mean,precision_train_std,precision_val_mean,precision_val_std,recall_train_mean,recall_train_std,recall_val_mean,recall_val_std,auc_train_mean,auc_train_std,auc_val_mean,auc_val_std
baseline,0.8425430355215161,0.007223009542867676,0.8290816326530612,0.008537347209531365,0.7038366863484762,0.006361490466137392,0.6708720359155143,0.05213331609901295,0.4795606116497047,0.0078297215888389,0.44459984459984464,0.062457972268820085,0.8710143688641752,0.004752981028486791,0.8426635906892844,0.013897908479388883
