model,accuracy_train_mean,accuracy_train_std,accuracy_val_mean,accuracy_val_std,precision_train_mean,precision_train_std,precision_val_mean,precision_val_std,recall_train_mean,recall_train_std,recall_val_mean,recall_val_std,auc_train_mean,auc_train_std,auc_val_mean,auc_val_std
baseline,0.842571054148087,0.006070444785434775,0.8311224489795919,0.006533800242278433,0.7040989101625209,0.009892598367325504,0.6781272869508165,0.052649383420774146,0.47898449044144165,0.009267974566060154,0.4488178488178488,0.07731322596039979,0.8712239908772907,0.004622895510816152,0.842124479566986,0.013854977830492408
