model,precision_test,recall_test
baseline,0.7093023255813954,0.46564885496183206
